{
  "road_asphalt": {
    "u1": 0,
    "v1": 0.75,
    "u2": 0.25,
    "v2": 1
  },
  "road_shoulder": {
    "u1": 0.25,
    "v1": 0.875,
    "u2": 0.375,
    "v2": 1
  },
  "bark": {
    "u1": 0.375,
    "v1": 0.9375,
    "u2": 0.4375,
    "v2": 1
  },
  "leaf_canopy": {
    "u1": 0.4375,
    "v1": 0.875,
    "u2": 0.5625,
    "v2": 1
  },
  "palm_fronds": {
    "u1": 0.5625,
    "v1": 0.875,
    "u2": 0.6875,
    "v2": 1
  },
  "pine_needles": {
    "u1": 0.6875,
    "v1": 0.875,
    "u2": 0.8125,
    "v2": 1
  },
  "building_brick": {
    "u1": 0.8125,
    "v1": 0.875,
    "u2": 0.9375,
    "v2": 1
  },
  "building_concrete": {
    "u1": 0,
    "v1": 0.625,
    "u2": 0.125,
    "v2": 0.75
  },
  "building_glass": {
    "u1": 0.125,
    "v1": 0.6875,
    "u2": 0.1875,
    "v2": 0.75
  },
  "rock_surface": {
    "u1": 0.1875,
    "v1": 0.625,
    "u2": 0.3125,
    "v2": 0.75
  },
  "paint_sedan": {
    "u1": 0.3125,
    "v1": 0.6875,
    "u2": 0.375,
    "v2": 0.75
  },
  "paint_pickup": {
    "u1": 0.375,
    "v1": 0.6875,
    "u2": 0.4375,
    "v2": 0.75
  },
  "paint_suv": {
    "u1": 0.4375,
    "v1": 0.6875,
    "u2": 0.5,
    "v2": 0.75
  },
  "paint_bus": {
    "u1": 0.5,
    "v1": 0.6875,
    "u2": 0.5625,
    "v2": 0.75
  },
  "paint_semi": {
    "u1": 0.5625,
    "v1": 0.6875,
    "u2": 0.625,
    "v2": 0.75
  },
  "paint_sports": {
    "u1": 0.625,
    "v1": 0.6875,
    "u2": 0.6875,
    "v2": 0.75
  },
  "vehicle_glass": {
    "u1": 0.6875,
    "v1": 0.6875,
    "u2": 0.75,
    "v2": 0.75
  },
  "vehicle_tire": {
    "u1": 0.75,
    "v1": 0.71875,
    "u2": 0.78125,
    "v2": 0.75
  },
  "ground_sand": {
    "u1": 0.78125,
    "v1": 0.625,
    "u2": 0.90625,
    "v2": 0.75
  },
  "ground_grass": {
    "u1": 0,
    "v1": 0.5,
    "u2": 0.125,
    "v2": 0.625
  },
  "ground_snow": {
    "u1": 0.125,
    "v1": 0.5,
    "u2": 0.25,
    "v2": 0.625
  }
}